seq_id,tm
31390,62.39427
31391,62.47643
31392,62.47643
31393,63.338917
31394,62.55347
31395,62.64261
31396,62.06544
31397,62.55347
31398,62.662067
31399,63.279102
31400,63.45484
31401,62.536217
31402,62.70751
31403,62.618374
31404,62.130344
31405,62.618374
31406,62.618374
31407,60.882343
31408,62.645638
31409,63.016407
31410,62.62928
31411,62.1866
31412,63.352844
31413,62.43422
31414,62.516376
31415,64.30348
31416,65.09626
31417,64.177635
31418,64.25979
31419,64.34892
31420,63.771782
31421,64.25979
31422,64.25979
31423,64.25979
31424,64.287056
31425,64.78255
31426,64.2707
31427,63.82801
31428,62.56007
31429,63.301823
31430,63.352844
31431,62.43422
31432,62.516376
31433,62.5008
31434,64.30348
31435,64.931725
31436,64.177635
31437,64.34892
31438,63.771782
31439,64.25979
31440,64.25979
31441,64.25979
31442,62.52376
31443,64.287056
31444,64.78255
31445,64.2707
31446,64.25979
31447,63.82801
31448,62.53735
31449,63.330124
31450,62.4115
31451,62.493656
31452,62.582794
31453,62.005627
31454,62.493656
31455,62.493656
31456,62.595146
31457,63.016407
31458,64.30348
31459,64.931725
31460,64.25979
31461,64.177635
31462,64.25979
31463,64.34892
31464,63.771782
31465,64.287056
31466,64.2707
31467,63.82801
31468,63.242554
31469,62.507034
31470,63.248787
31471,62.46334
31472,61.97531
31473,62.46334
31474,62.46334
31475,62.46334
31476,60.72731
31477,62.490604
31478,62.53735
31479,62.597164
31480,62.55347
31481,63.338917
31482,62.471313
31483,62.06544
31484,62.5008
31485,63.242554
31486,62.47643
31487,62.47643
31488,62.539223
31489,63.268692
31490,62.50564
31491,61.756554
31492,63.38994
31493,62.471313
31494,62.64261
31495,62.55347
31496,62.06544
31497,62.55347
31498,62.56007
31499,63.301823
31500,63.352844
31501,62.43422
31502,62.516376
31503,62.53735
31504,63.279102
31505,63.330124
31506,62.4115
31507,62.493656
31508,62.582794
31509,62.005627
31510,62.493656
31511,62.493656
31512,60.757626
31513,62.595146
31514,63.016407
31515,64.30348
31516,64.25979
31517,64.931725
31518,65.09626
31519,64.177635
31520,64.25979
31521,64.34892
31522,64.25979
31523,62.52376
31524,64.287056
31525,64.78255
31526,64.2707
31527,63.82801
31528,62.520123
31529,62.47643
31530,62.381184
31531,62.55248
31532,61.97531
31533,62.46334
31534,62.46334
31535,62.46334
31536,60.72731
31537,62.53735
31538,62.50564
31539,62.379787
31540,62.551083
31541,62.461945
31542,62.461945
31543,62.461945
31544,60.725914
31545,62.47285
31546,62.5008
31547,63.242554
31548,62.4115
31549,62.493656
31550,62.493656
31551,60.757626
31552,63.279102
31553,63.330124
31554,62.4115
31555,62.493656
31556,62.005627
31557,62.520123
31558,63.261875
31559,63.312897
31560,62.39427
31561,62.47643
31562,62.565567
31563,61.9884
31564,62.471313
31565,62.55347
31566,62.56007
31567,63.301823
31568,62.43422
31569,62.516376
31570,62.507034
31571,63.248787
31572,63.29981
31573,62.381184
31574,61.97531
31575,62.46334
31576,62.46334
31577,62.46334
31578,62.490604
31579,61.876297
31580,62.618053
31581,61.750446
31582,61.832603
31583,61.92174
31584,61.344578
31585,61.832603
31586,61.832603
31587,60.096577
31588,63.298412
31589,62.379787
31590,62.551083
31591,61.973915
31592,62.461945
31593,62.461945
31594,62.461945
31595,62.48921
31596,62.984695
31597,61.756554
31598,63.261875
31599,63.312897
31600,62.39427
31601,62.47643
31602,61.9884
31603,62.53735
31604,63.330124
31605,62.4115
31606,62.493656
31607,62.582794
31608,62.493656
31609,62.493656
31610,62.493656
31611,60.757626
31612,62.595146
31613,63.016407
31614,62.53735
31615,63.279102
31616,63.330124
31617,62.4115
31618,62.493656
31619,62.582794
31620,62.005627
31621,62.493656
31622,62.493656
31623,62.493656
31624,60.757626
31625,63.016407
31626,62.50564
31627,63.24739
31628,63.298412
31629,62.461945
31630,62.551083
31631,61.973915
31632,62.461945
31633,62.461945
31634,62.48921
31635,62.984695
31636,62.47285
31637,62.03017
31638,62.208866
31639,61.756554
31640,62.618053
31641,61.750446
31642,61.832603
31643,61.832603
31644,61.92174
31645,61.344578
31646,61.832603
31647,61.832603
31648,61.832603
31649,60.096577
31650,62.539223
31651,63.21767
31652,63.268692
31653,62.597164
31654,63.338917
31655,63.38994
31656,62.471313
31657,62.55347
31658,62.64261
31659,62.55347
31660,62.662067
31661,62.536217
31662,62.618374
31663,62.70751
31664,62.618374
31665,60.882343
31666,62.55347
31667,62.66907
31668,61.750446
31669,61.344578
31670,61.832603
31671,61.832603
31672,60.096577
31673,64.30348
31674,64.931725
31675,64.25979
31676,63.771782
31677,64.25979
31678,62.52376
31679,62.618053
31680,62.66907
31681,61.832603
31682,61.832603
31683,60.096577
31684,63.279102
31685,63.330124
31686,62.4115
31687,62.493656
31688,62.582794
31689,62.005627
31690,62.493656
31691,62.493656
31692,60.757626
31693,62.52092
31694,62.5008
31695,63.330124
31696,62.4115
31697,62.52092
31698,63.016407
31699,62.504562
31700,64.931725
31701,65.09626
31702,64.25979
31703,64.25979
31704,64.34892
31705,64.25979
31706,64.287056
31707,64.2707
31708,62.516376
31709,61.876297
31710,61.750446
31711,61.832603
31712,61.344578
31713,61.832603
31714,61.832603
31715,61.832603
31716,63.338917
31717,62.55347
31718,62.55347
31719,63.352844
31720,63.248787
31721,62.46334
31722,61.97531
31723,63.279102
31724,62.597164
31725,62.55347
31726,62.471313
31727,62.55347
31728,62.64261
31729,62.06544
31730,62.55347
31731,62.5008
31732,63.242554
31733,62.507034
31734,63.29981
31735,62.381184
31736,62.46334
31737,62.55248
31738,61.97531
31739,60.72731
31740,62.490604
31741,62.53735
31742,63.279102
31743,63.330124
31744,62.4115
31745,62.493656
31746,62.582794
31747,62.005627
31748,62.493656
31749,62.493656
31750,62.595146
31751,62.597164
31752,63.338917
31753,63.38994
31754,62.471313
31755,62.55347
31756,62.06544
31757,63.279102
31758,62.4115
31759,62.582794
31760,62.493656
31761,62.493656
31762,60.757626
31763,62.52092
31764,62.061882
31765,62.87531
31766,62.56007
31767,63.301823
31768,62.43422
31769,62.516376
31770,62.4115
31771,62.493656
31772,62.582794
31773,62.597164
31774,62.55347
31775,63.338917
31776,63.38994
31777,62.06544
31778,62.55347
31779,62.520123
31780,63.261875
31781,62.39427
31782,62.47643
31783,62.565567
31784,62.507034
31785,63.248787
31786,61.97531
31787,62.46334
31788,60.72731
31789,62.507034
31790,63.248787
31791,63.29981
31792,62.381184
31793,62.46334
31794,62.46334
31795,62.46334
31796,62.597164
31797,63.338917
31798,63.38994
31799,62.55347
31800,62.64261
31801,62.06544
31802,62.55347
31803,61.876297
31804,62.618053
31805,62.66907
31806,61.750446
31807,61.832603
31808,61.92174
31809,61.832603
31810,60.096577
31811,62.381184
31812,62.46334
31813,62.55248
31814,62.490604
31815,64.30348
31816,65.09626
31817,64.177635
31818,64.25979
31819,64.34892
31820,64.25979
31821,64.2707
31822,63.82801
31823,62.493656
31824,64.30348
31825,64.931725
31826,64.25979
31827,64.34892
31828,63.771782
31829,64.25979
31830,64.25979
31831,62.52376
31832,64.78255
31833,64.2707
31834,63.82801
31835,62.4115
31836,62.582794
31837,62.493656
31838,60.757626
31839,62.595146
31840,63.016407
31841,62.5008
31842,63.242554
31843,62.597164
31844,63.338917
31845,63.38994
31846,62.64261
31847,62.06544
31848,62.55347
31849,64.30348
31850,64.931725
31851,65.09626
31852,64.177635
31853,64.25979
31854,63.771782
31855,64.25979
31856,64.25979
31857,64.25979
31858,62.52376
31859,64.78255
31860,64.2707
31861,63.82801
31862,62.507034
31863,63.248787
31864,63.29981
31865,62.381184
31866,62.46334
31867,62.55248
31868,61.97531
31869,62.46334
31870,62.46334
31871,60.72731
31872,62.490604
31873,62.539223
31874,63.21767
31875,62.539223
31876,63.21767
31877,63.268692
31878,62.480064
31879,62.35085
31880,63.330124
31881,64.25979
31882,64.25979
31883,62.52376
31884,64.78255
31885,64.931725
31886,65.09626
31887,64.177635
31888,64.25979
31889,64.25979
31890,64.25979
31891,64.25979
31892,62.52376
31893,64.287056
31894,63.82801
31895,62.520123
31896,63.261875
31897,63.312897
31898,62.39427
31899,62.47643
31900,62.565567
31901,62.47643
31902,63.279102
31903,63.330124
31904,62.582794
31905,62.493656
31906,60.757626
31907,62.595146
31908,63.016407
31909,62.43422
31910,62.516376
31911,62.56007
31912,63.352844
31913,62.43422
31914,62.516376
31915,63.279102
31916,62.536217
31917,62.618374
31918,62.618374
31919,62.618374
31920,62.645638
31921,63.016407
31922,62.618053
31923,62.66907
31924,61.832603
31925,62.53735
31926,63.279102
31927,63.330124
31928,62.4115
31929,62.493656
31930,62.582794
31931,62.520123
31932,62.47643
31933,63.312897
31934,62.39427
31935,62.565567
31936,62.47643
31937,62.46334
31938,62.46334
31939,60.72731
31940,62.490604
31941,62.50564
31942,63.24739
31943,63.298412
31944,62.379787
31945,62.461945
31946,62.551083
31947,62.461945
31948,62.461945
31949,60.725914
31950,62.03017
31951,62.208866
31952,61.756554
31953,61.876297
31954,62.618053
31955,61.750446
31956,61.832603
31957,61.92174
31958,61.832603
31959,61.832603
31960,61.832603
31961,60.096577
31962,62.520123
31963,63.261875
31964,63.312897
31965,62.47643
31966,62.565567
31967,62.47643
31968,62.47643
31969,64.30348
31970,64.931725
31971,65.09626
31972,64.177635
31973,64.25979
31974,64.34892
31975,63.771782
31976,64.25979
31977,64.25979
31978,64.25979
31979,64.287056
31980,64.78255
31981,64.25979
31982,64.2707
31983,63.82801
31984,63.279102
31985,63.330124
31986,62.4115
31987,62.493656
31988,62.582794
31989,62.005627
31990,62.493656
31991,62.493656
31992,62.493656
31993,60.757626
31994,62.595146
31995,63.016407
31996,61.876297
31997,62.618053
31998,62.66907
31999,61.750446
32000,61.832603
32001,61.92174
32002,61.344578
32003,61.832603
32004,61.832603
32005,60.096577
32006,64.30348
32007,64.931725
32008,65.09626
32009,64.177635
32010,64.25979
32011,64.34892
32012,63.771782
32013,64.25979
32014,64.25979
32015,64.25979
32016,62.52376
32017,64.287056
32018,64.78255
32019,64.2707
32020,63.82801
32021,62.53735
32022,63.279102
32023,63.330124
32024,62.4115
32025,62.493656
32026,62.582794
32027,62.493656
32028,62.005627
32029,62.493656
32030,62.493656
32031,62.493656
32032,60.757626
32033,62.595146
32034,63.016407
32035,62.56007
32036,63.301823
32037,63.352844
32038,62.43422
32039,62.516376
32040,62.56007
32041,63.301823
32042,63.352844
32043,62.43422
32044,62.50564
32045,63.24739
32046,63.298412
32047,62.379787
32048,62.461945
32049,62.551083
32050,61.973915
32051,62.461945
32052,62.461945
32053,62.461945
32054,62.461945
32055,60.725914
32056,62.48921
32057,62.984695
32058,62.47285
32059,62.03017
32060,62.208866
32061,61.756554
32062,62.520123
32063,63.261875
32064,62.39427
32065,62.47643
32066,62.47643
32067,62.47643
32068,61.876297
32069,62.618053
32070,61.750446
32071,61.832603
32072,61.832603
32073,61.92174
32074,61.344578
32075,61.832603
32076,61.832603
32077,62.56007
32078,63.301823
32079,63.352844
32080,62.516376
32081,62.53735
32082,63.279102
32083,62.4115
32084,62.523758
32085,63.26551
32086,63.316532
32087,62.397907
32088,62.569202
32089,61.897232
32090,62.480064
32091,62.480064
32092,62.480064
32093,60.905727
32094,62.507328
32095,63.002815
32096,62.49097
32097,62.480064
32098,61.774673
32099,62.861717
32100,62.35085
32101,64.25979
32102,64.931725
32103,64.177635
32104,64.25979
32105,64.34892
32106,63.771782
32107,64.25979
32108,64.25979
32109,62.52376
32110,64.2707
32111,61.876297
32112,62.618053
32113,61.344578
32114,61.832603
32115,61.832603
32116,60.096577
32117,63.338917
32118,62.471313
32119,62.55347
32120,62.461945
32121,63.330124
32122,62.4115
32123,62.493656
32124,62.493656
32125,62.582794
32126,62.005627
32127,62.493656
32128,62.493656
32129,62.595146
32130,63.016407
32131,62.53735
32132,63.279102
32133,63.330124
32134,62.4115
32135,63.242554
32136,62.507034
32137,63.248787
32138,63.29981
32139,62.381184
32140,62.55248
32141,62.46334
32142,62.46334
32143,62.46334
32144,62.490604
32145,64.931725
32146,64.177635
32147,64.25979
32148,63.771782
32149,64.25979
32150,64.25979
32151,62.52376
32152,64.287056
32153,64.78255
32154,63.82801
32155,63.338917
32156,63.38994
32157,62.471313
32158,62.55347
32159,62.06544
32160,62.507034
32161,63.248787
32162,63.29981
32163,61.97531
32164,62.490604
32165,62.53735
32166,63.279102
32167,63.330124
32168,62.4115
32169,62.493656
32170,62.582794
32171,62.493656
32172,62.493656
32173,62.493656
32174,60.757626
32175,63.016407
32176,63.330124
32177,62.493656
32178,62.582794
32179,62.005627
32180,62.493656
32181,62.493656
32182,60.757626
32183,62.595146
32184,63.016407
32185,62.536217
32186,62.618374
32187,62.130344
32188,62.618374
32189,62.618374
32190,62.618374
32191,62.618374
32192,60.882343
32193,62.645638
32194,62.62928
32195,62.365295
32196,62.597164
32197,63.338917
32198,63.38994
32199,62.64261
32200,62.55347
32201,62.06544
32202,62.55347
32203,62.56007
32204,63.352844
32205,62.662067
32206,63.279102
32207,63.45484
32208,62.536217
32209,62.618374
32210,62.618374
32211,62.618374
32212,60.882343
32213,63.016407
32214,62.62928
32215,62.1866
32216,62.365295
32217,63.279102
32218,63.210865
32219,62.4115
32220,62.493656
32221,62.493656
32222,62.005627
32223,62.493656
32224,62.493656
32225,60.757626
32226,63.016407
32227,62.504562
32228,62.061882
32229,62.240578
32230,61.788265
32231,62.87531
32232,62.53735
32233,63.279102
32234,63.330124
32235,62.4115
32236,62.53735
32237,63.279102
32238,62.005627
32239,62.493656
32240,62.493656
32241,62.493656
32242,60.757626
32243,62.595146
32244,62.53735
32245,63.279102
32246,62.493656
32247,62.582794
32248,62.005627
32249,63.279102
32250,63.45484
32251,62.536217
32252,62.130344
32253,62.618374
32254,62.645638
32255,63.016407
32256,62.62928
32257,62.365295
32258,63.338917
32259,62.471313
32260,62.55347
32261,62.55347
32262,62.64261
32263,62.06544
32264,63.330124
32265,62.4115
32266,62.662067
32267,63.45484
32268,62.536217
32269,62.618374
32270,62.70751
32271,62.618374
32272,62.618374
32273,62.645638
32274,62.62928
32275,62.56007
32276,63.352844
32277,62.43422
32278,62.56007
32279,63.301823
32280,62.43422
32281,62.516376
32282,62.507034
32283,63.248787
32284,62.381184
32285,62.46334
32286,62.55248
32287,61.97531
32288,62.46334
32289,62.46334
32290,60.72731
32291,62.490604
32292,62.523758
32293,63.26551
32294,62.480064
32295,62.397907
32296,62.480064
32297,62.480064
32298,62.507328
32299,63.002815
32300,62.226986
32301,62.861717
32302,62.35085
32303,62.597164
32304,62.55347
32305,63.338917
32306,63.38994
32307,62.55347
32308,62.64261
32309,62.06544
32310,62.55347
32311,62.520123
32312,63.261875
32313,63.312897
32314,61.9884
32315,62.47643
32316,62.47643
32317,62.56007
32318,63.301823
32319,63.352844
32320,62.516376
32321,64.30348
32322,65.09626
32323,64.177635
32324,64.25979
32325,64.34892
32326,63.771782
32327,64.25979
32328,64.25979
32329,64.25979
32330,62.52376
32331,64.287056
32332,64.78255
32333,64.2707
32334,63.82801
32335,62.66907
32336,61.832603
32337,61.344578
32338,61.832603
32339,61.832603
32340,62.5008
32341,62.597164
32342,63.338917
32343,63.38994
32344,62.471313
32345,62.55347
32346,62.64261
32347,62.06544
32348,62.55347
32349,64.30348
32350,65.09626
32351,64.177635
32352,64.25979
32353,64.34892
32354,63.771782
32355,64.25979
32356,64.25979
32357,64.78255
32358,62.50564
32359,63.24739
32360,62.379787
32361,62.461945
32362,62.551083
32363,61.973915
32364,62.461945
32365,62.461945
32366,60.725914
32367,62.48921
32368,62.984695
32369,62.03017
32370,61.756554
32371,62.5008
32372,63.242554
32373,62.597164
32374,63.338917
32375,63.38994
32376,62.55347
32377,62.64261
32378,62.618053
32379,61.92174
32380,61.344578
32381,61.832603
32382,61.832603
32383,61.832603
32384,60.096577
32385,62.597164
32386,63.338917
32387,63.38994
32388,62.55347
32389,62.64261
32390,62.06544
32391,62.55347
32392,62.618053
32393,62.66907
32394,61.750446
32395,61.92174
32396,61.344578
32397,61.832603
32398,61.832603
32399,61.832603
32400,62.53735
32401,63.279102
32402,62.56007
32403,63.352844
32404,62.516376
32405,62.5008
32406,63.242554
32407,62.53735
32408,63.210865
32409,62.005627
32410,62.493656
32411,62.493656
32412,60.757626
32413,62.240578
32414,61.788265
32415,62.87531
32416,62.56007
32417,63.301823
32418,63.352844
32419,62.43422
32420,62.516376
32421,62.507034
32422,63.248787
32423,62.381184
32424,62.46334
32425,62.55248
32426,61.97531
32427,62.46334
32428,62.46334
32429,60.72731
32430,62.490604
32431,62.597164
32432,63.338917
32433,63.38994
32434,62.471313
32435,62.55347
32436,62.64261
32437,62.55347
32438,62.53735
32439,63.279102
32440,63.210865
32441,62.4115
32442,62.493656
32443,62.582794
32444,62.493656
32445,62.493656
32446,62.493656
32447,62.52092
32448,62.240578
32449,61.788265
32450,62.87531
32451,62.523758
32452,63.26551
32453,62.397907
32454,62.480064
32455,62.569202
32456,61.897232
32457,62.480064
32458,62.480064
32459,60.905727
32460,63.002815
32461,62.49097
32462,62.04829
32463,62.226986
32464,61.774673
32465,62.861717
32466,62.35085
32467,63.279102
32468,62.4115
32469,62.493656
32470,62.493656
32471,62.493656
32472,60.757626
32473,62.595146
32474,63.26551
32475,62.397907
32476,62.480064
32477,61.897232
32478,62.480064
32479,62.507328
32480,62.49097
32481,62.861717
32482,62.35085
32483,63.268692
32484,63.338917
32485,63.38994
32486,62.471313
32487,62.55347
32488,62.64261
32489,62.06544
32490,62.55347
32491,61.876297
32492,62.618053
32493,62.66907
32494,61.750446
32495,61.832603
32496,61.92174
32497,61.344578
32498,61.832603
32499,61.832603
32500,61.832603
32501,60.096577
32502,61.876297
32503,62.66907
32504,61.750446
32505,61.92174
32506,61.344578
32507,61.832603
32508,61.832603
32509,61.832603
32510,63.38994
32511,62.471313
32512,62.55347
32513,62.64261
32514,62.55347
32515,63.279102
32516,61.876297
32517,62.66907
32518,61.750446
32519,61.344578
32520,61.832603
32521,61.832603
32522,61.832603
32523,60.096577
32524,62.523758
32525,63.26551
32526,63.316532
32527,62.480064
32528,62.569202
32529,61.897232
32530,62.480064
32531,62.507328
32532,63.002815
32533,62.49097
32534,62.226986
32535,62.35085
32536,62.50564
32537,63.24739
32538,63.298412
32539,62.461945
32540,62.551083
32541,61.973915
32542,62.461945
32543,62.461945
32544,62.461945
32545,60.725914
32546,62.48921
32547,62.984695
32548,62.47285
32549,62.03017
32550,61.756554
32551,62.56007
32552,62.43422
32553,63.338917
32554,63.38994
32555,62.55347
32556,62.64261
32557,62.06544
32558,62.55347
32559,62.493656
32560,62.580734
32561,63.07622
32562,62.564377
32563,62.300392
32564,61.84808
32565,62.534542
32566,62.028347
32567,62.54364
32568,63.039127
32569,61.78281
32570,62.89803
32571,62.38716
32572,62.33273
32573,62.443016
32574,62.355354
32575,61.84351
32576,61.40083
32577,61.579525
32578,61.127213
32579,62.214256
32580,61.70339
32581,61.813675
32582,62.493656
32583,62.493656
32584,60.757626
32585,62.474728
32586,62.55347
32587,63.07622
32588,62.564377
32589,61.84808
32590,62.935123
32591,62.534542
32592,61.84351
32593,61.40083
32594,61.579525
32595,61.127213
32596,62.214256
32597,61.813675
32598,62.355354
32599,61.84351
32600,61.40083
32601,61.579525
32602,62.214256
32603,61.70339
32604,61.813675
32605,62.55347
32606,60.81811
32607,62.55347
32608,62.580734
32609,63.07622
32610,61.84808
32611,62.935123
32612,62.424255
32613,62.534542
32614,62.432224
32615,61.944195
32616,62.432224
32617,62.954975
32618,62.179146
32619,61.726833
32620,62.413296
32621,61.969078
32622,62.457108
32623,62.48437
32624,62.061882
32625,62.240578
32626,61.788265
32627,62.87531
32628,62.389942
32629,62.474728
32630,62.493656
32631,62.582794
32632,62.005627
32633,62.493656
32634,62.493656
32635,60.757626
32636,62.504562
32637,62.240578
32638,61.788265
32639,62.87531
32640,62.36444
32641,62.55347
32642,62.580734
32643,62.564377
32644,62.300392
32645,61.84808
32646,62.935123
32647,62.424255
32648,62.534542
32649,62.493656
32650,62.52092
32651,62.474247
32652,62.210262
32653,62.844994
32654,62.444412
32655,62.457108
32656,62.457108
32657,62.005627
32658,62.52092
32659,62.36444
32660,62.474728
32661,62.028347
32662,62.516376
32663,62.516376
32664,62.516376
32665,62.54364
32666,62.527283
32667,62.084602
32668,62.263298
32669,61.78281
32670,62.497448
32671,62.37495
32672,62.457108
32673,62.546246
32674,61.969078
32675,62.457108
32676,62.457108
32677,60.721077
32678,62.48437
32679,62.97986
32680,62.20403
32681,61.751717
32682,62.83876
32683,62.327892
32684,62.43818
32685,62.516376
32686,62.516376
32687,60.780346
32688,62.54364
32689,63.039127
32690,62.527283
32691,62.084602
32692,62.263298
32693,61.78281
32694,62.89803
32695,62.38716
32696,62.497448
32697,63.279102
32698,63.330124
32699,62.4115
32700,62.493656
32701,62.582794
32702,62.005627
32703,62.493656
32704,62.493656
32705,62.493656
32706,60.757626
32707,62.52092
32708,63.016407
32709,62.504562
32710,62.87531
32711,62.474728
32712,62.493656
32713,60.757626
32714,62.52092
32715,62.061882
32716,62.240578
32717,61.788265
32718,62.87531
32719,62.36444
32720,62.355354
32721,61.84351
32722,61.579525
32723,61.127213
32724,62.214256
32725,62.55347
32726,62.580734
32727,63.07622
32728,62.564377
32729,61.84808
32730,62.935123
32731,62.424255
32732,62.355354
32733,61.813675
32734,62.55347
32735,63.07622
32736,62.121696
32737,62.300392
32738,62.424255
32739,62.534542
32740,62.546246
32741,61.969078
32742,62.457108
32743,62.457108
32744,62.468014
32745,62.20403
32746,61.751717
32747,62.327892
32748,62.33273
32749,62.443016
32750,63.5544
32751,64.64144
32752,64.13058
32753,62.55347
32754,62.580734
32755,63.07622
32756,62.121696
32757,62.300392
32758,62.55347
32759,61.84808
32760,62.935123
32761,62.534542
32762,62.37495
32763,62.457108
32764,62.457108
32765,62.48437
32766,62.468014
32767,61.751717
32768,62.83876
32769,62.43818
32770,61.40083
32771,61.579525
32772,61.127213
32773,62.214256
32774,61.70339
32775,61.813675
32776,63.5544
32777,64.64144
32778,64.13058
32779,64.24086
32780,62.028347
32781,62.516376
32782,62.516376
32783,60.780346
32784,62.54364
32785,63.039127
32786,62.263298
32787,62.89803
32788,62.38716
32789,60.7404
32790,62.99918
32791,62.044655
32792,62.22335
32793,62.85808
32794,62.347214
32795,62.493656
32796,62.582794
32797,62.005627
32798,62.493656
32799,62.493656
32800,60.757626
32801,62.52092
32802,62.504562
32803,62.061882
32804,62.240578
32805,62.55347
32806,60.81811
32807,62.580734
32808,62.121696
32809,62.300392
32810,61.84808
32811,62.935123
32812,62.424255
32813,62.474247
32814,62.031567
32815,62.210262
32816,61.75795
32817,62.844994
32818,62.46334
32819,62.444412
32820,62.028347
32821,62.516376
32822,60.780346
32823,62.54364
32824,63.039127
32825,62.527283
32826,62.084602
32827,61.78281
32828,62.89803
32829,62.38716
32830,62.497448
32831,63.279102
32832,63.330124
32833,62.4115
32834,62.493656
32835,62.582794
32836,62.493656
32837,60.757626
32838,63.016407
32839,63.279102
32840,63.330124
32841,62.4115
32842,62.582794
32843,62.005627
32844,62.493656
32845,62.493656
32846,60.757626
32847,62.52092
32848,62.504562
32849,62.061882
32850,62.240578
32851,61.788265
32852,62.87531
32853,62.36444
32854,62.474728
32855,62.028347
32856,62.516376
32857,60.780346
32858,62.527283
32859,62.084602
32860,62.599445
32861,62.493656
32862,62.493656
32863,62.52092
32864,62.493656
32865,61.788265
32866,62.87531
32867,62.36444
32868,63.07622
32869,62.564377
32870,62.121696
32871,62.300392
32872,61.84808
32873,62.935123
32874,62.493656
32875,63.016407
32876,62.504562
32877,62.240578
32878,62.493656
32879,61.788265
32880,62.474728
32881,62.061882
32882,62.474728
32883,62.005627
32884,62.493656
32885,62.493656
32886,60.757626
32887,62.52092
32888,63.016407
32889,62.493656
32890,62.240578
32891,61.788265
32892,62.87531
32893,62.36444
32894,62.474728
32895,62.474728
32896,63.000027
32897,62.618374
32898,62.48916
32899,62.599445
32900,62.028347
32901,62.54364
32902,62.084602
32903,62.516376
32904,62.38716
32905,62.497448
32906,62.55347
32907,63.07622
32908,62.564377
32909,61.84808
32910,62.935123
32911,63.000027
32912,62.48916
32913,62.599445
32914,62.061882
32915,62.240578
32916,62.493656
32917,61.788265
32918,62.87531
32919,62.474728
32920,62.240578
32921,62.389942
32922,62.210262
32923,61.75795
32924,62.844994
32925,62.444412
32926,62.55347
32927,60.81811
32928,62.564377
32929,62.121696
32930,62.300392
32931,61.84808
32932,62.935123
32933,62.424255
32934,62.534542
32935,64.13058
32936,62.474247
32937,62.844994
32938,62.334126
32939,62.37495
32940,62.457108
32941,62.546246
32942,62.457108
32943,60.721077
32944,62.48437
32945,62.97986
32946,62.457108
32947,62.251934
32948,61.751717
32949,62.83876
32950,62.43818
32951,62.582794
32952,62.493656
32953,62.493656
32954,60.757626
32955,62.52092
32956,63.016407
32957,62.504562
32958,62.240578
32959,62.87531
32960,62.36444
32961,62.474728
32962,62.240578
32963,61.788265
32964,62.87531
32965,62.389942
32966,62.474728
32967,62.4115
32968,62.493656
32969,62.582794
32970,63.016407
32971,62.061882
32972,61.788265
32973,62.33273
32974,62.443016
32975,62.580734
32976,62.121696
32977,62.355354
32978,61.40083
32979,61.579525
32980,61.127213
32981,63.279102
32982,63.330124
32983,62.4115
32984,62.582794
32985,62.493656
32986,62.493656
32987,62.493656
32988,63.016407
32989,62.504562
32990,61.788265
32991,62.87531
32992,62.36444
32993,62.474728
32994,64.64144
32995,64.24086
32996,62.582794
32997,60.757626
32998,62.52092
32999,62.061882
33000,62.240578
33001,62.87531
33002,62.36444
33003,62.474728
33004,62.516376
33005,62.516376
33006,60.780346
33007,62.54364
33008,63.039127
33009,62.527283
33010,62.084602
33011,61.78281
33012,62.89803
33013,62.355354
33014,61.84351
33015,61.40083
33016,62.214256
33017,61.813675
33018,60.7404
33019,62.47643
33020,62.503693
33021,62.99918
33022,62.487335
33023,62.044655
33024,61.771038
33025,62.347214
33026,62.4575
33027,62.33273
33028,62.443016
33029,62.028347
33030,62.516376
33031,62.516376
33032,62.516376
33033,60.780346
33034,62.54364
33035,63.039127
33036,62.527283
33037,62.084602
33038,62.263298
33039,61.78281
33040,62.516376
33041,62.89803
33042,62.38716
33043,62.497448
33044,62.516376
33045,62.516376
33046,62.516376
33047,60.780346
33048,62.54364
33049,63.039127
33050,62.527283
33051,62.084602
33052,62.263298
33053,61.78281
33054,62.89803
33055,62.38716
33056,62.497448
33057,62.061882
33058,62.240578
33059,61.788265
33060,62.87531
33061,62.389942
33062,62.474728
33063,63.5544
33064,64.64144
33065,64.13058
33066,64.24086
33067,62.355354
33068,61.84351
33069,61.40083
33070,61.832603
33071,61.579525
33072,61.127213
33073,62.214256
33074,61.70339
33075,61.813675
33076,62.061882
33077,62.240578
33078,61.788265
33079,62.87531
33080,62.389942
33081,62.474728
33082,63.5544
33083,64.64144
33084,64.13058
33085,63.330124
33086,62.4115
33087,62.493656
33088,62.582794
33089,62.005627
33090,62.493656
33091,62.493656
33092,60.757626
33093,62.52092
33094,63.016407
33095,62.504562
33096,62.061882
33097,62.493656
33098,62.240578
33099,61.788265
33100,62.87531
33101,62.36444
33102,62.474728
33103,60.7404
33104,62.503693
33105,62.99918
33106,62.044655
33107,62.22335
33108,62.85808
33109,62.347214
33110,62.4575
33111,62.355354
33112,61.84351
33113,61.40083
33114,61.579525
33115,61.127213
33116,62.214256
33117,61.70339
33118,61.813675
33119,62.33273
33120,62.443016
33121,62.031567
33122,62.210262
33123,61.75795
33124,62.844994
33125,62.444412
33126,63.279102
33127,63.330124
33128,62.4115
33129,62.493656
33130,62.582794
33131,62.493656
33132,62.493656
33133,60.757626
33134,62.52092
33135,63.016407
33136,62.493656
33137,62.240578
33138,62.474728
33139,60.7404
33140,62.503693
33141,62.99918
33142,62.22335
33143,61.771038
33144,62.85808
33145,62.347214
33146,62.4575
33147,62.493656
33148,62.493656
33149,60.757626
33150,63.016407
33151,62.061882
33152,62.240578
33153,61.788265
33154,62.87531
33155,62.36444
33156,62.493656
33157,62.582794
33158,62.493656
33159,60.757626
33160,62.52092
33161,63.016407
33162,62.87531
33163,62.36444
33164,62.474728
33165,62.516376
33166,62.516376
33167,62.516376
33168,60.780346
33169,62.54364
33170,63.039127
33171,62.084602
33172,62.263298
33173,61.78281
33174,62.89803
33175,62.38716
33176,62.497448
33177,62.516376
33178,62.516376
33179,60.780346
33180,62.54364
33181,63.039127
33182,62.084602
33183,62.263298
33184,62.89803
33185,62.38716
33186,62.497448
33187,62.389942
33188,60.7404
33189,62.503693
33190,62.044655
33191,62.22335
33192,61.771038
33193,62.347214
33194,62.4575
33195,63.5544
33196,64.64144
33197,64.13058
33198,63.5544
33199,64.64144
33200,64.13058
33201,63.279102
33202,63.330124
33203,62.4115
33204,62.493656
33205,62.005627
33206,62.493656
33207,60.757626
33208,62.52092
33209,63.016407
33210,62.504562
33211,62.240578
33212,62.87531
33213,62.36444
33214,62.582794
33215,62.005627
33216,62.493656
33217,60.757626
33218,63.016407
33219,62.504562
33220,62.061882
33221,62.240578
33222,62.87531
33223,62.36444
33224,62.474728
33225,63.279102
33226,62.493656
33227,62.582794
33228,62.493656
33229,62.493656
33230,63.016407
33231,62.061882
33232,62.240578
33233,62.87531
33234,62.432224
33235,62.521362
33236,61.944195
33237,62.432224
33238,60.696194
33239,62.459488
33240,62.954975
33241,62.44313
33242,62.179146
33243,61.726833
33244,62.813877
33245,62.30301
33246,62.413296
33247,62.432224
33248,62.521362
33249,61.944195
33250,62.432224
33251,62.432224
33252,60.696194
33253,62.44313
33254,62.042576
33255,62.179146
33256,61.726833
33257,62.813877
33258,62.30301
33259,62.413296
33260,62.474247
33261,62.210262
33262,62.844994
33263,62.334126
33264,62.444412
33265,63.5544
33266,64.64144
33267,64.13058
33268,64.24086
33269,60.81811
33270,62.580734
33271,63.07622
33272,62.564377
33273,62.121696
33274,62.55347
33275,61.84808
33276,62.935123
33277,62.534542
33278,62.493656
33279,60.757626
33280,62.52092
33281,63.016407
33282,62.36444
33283,62.474728
33284,62.37495
33285,62.457108
33286,60.721077
33287,62.48437
33288,62.97986
33289,62.468014
33290,62.251934
33291,62.20403
33292,61.751717
33293,62.327892
33294,62.43818
33295,62.061882
33296,61.788265
33297,62.87531
33298,62.389942
33299,62.474728
33300,62.4115
33301,62.493656
33302,62.582794
33303,62.005627
33304,62.493656
33305,62.493656
33306,62.52092
33307,62.240578
33308,61.788265
33309,62.36444
33310,62.474728
33311,63.5544
33312,64.64144
33313,64.13058
33314,63.5544
33315,64.64144
33316,62.474247
33317,62.031567
33318,62.210262
33319,61.75795
33320,62.844994
33321,62.334126
33322,62.355354
33323,61.84351
33324,61.579525
33325,62.214256
33326,61.70339
33327,62.580734
33328,63.07622
33329,62.564377
33330,62.121696
33331,62.300392
33332,62.424255
33333,62.474247
33334,62.210262
33335,61.75795
33336,62.844994
33337,62.334126
33338,62.474247
33339,62.210262
33340,62.844994
33341,62.444412
33342,62.503693
33343,62.47643
33344,62.99918
33345,62.22335
33346,61.771038
33347,62.4575
33348,63.279102
33349,63.330124
33350,62.4115
33351,62.493656
33352,62.493656
33353,62.493656
33354,62.493656
33355,62.493656
33356,63.016407
33357,62.504562
33358,62.061882
33359,62.240578
33360,62.87531
33361,62.36444
33362,62.564377
33363,62.121696
33364,62.300392
33365,61.84808
33366,62.935123
33367,62.493656
33368,62.493656
33369,60.757626
33370,62.504562
33371,62.36444
33372,62.474728
33373,62.028347
33374,62.516376
33375,62.516376
33376,60.780346
33377,63.039127
33378,62.263298
33379,61.78281
33380,62.38716
33381,62.497448
33382,62.474728
33383,62.55347
33384,60.81811
33385,62.580734
33386,62.564377
33387,62.300392
33388,61.84808
33389,62.935123
33390,62.55347
33391,62.534542
33392,62.061882
33393,62.240578
33394,61.788265
33395,62.87531
33396,62.389942
33397,62.474728
33398,62.474247
33399,62.031567
33400,62.210262
33401,61.75795
33402,62.444412
33403,62.37495
33404,62.457108
33405,61.969078
33406,62.457108
33407,62.457108
33408,62.48437
33409,62.20403
33410,61.751717
33411,62.83876
33412,62.55347
33413,60.81811
33414,62.580734
33415,63.07622
33416,62.121696
33417,61.84808
33418,62.935123
33419,62.424255
33420,62.534542
33421,61.788265
33422,62.474247
33423,61.75795
33424,62.444412
33425,62.028347
33426,62.54364
33427,63.039127
33428,61.78281
33429,62.89803
33430,62.38716
33431,63.07622
33432,62.121696
33433,62.300392
33434,62.534542
33435,62.4115
33436,62.493656
33437,62.493656
33438,62.493656
33439,60.757626
33440,62.504562
33441,62.061882
33442,62.240578
33443,61.788265
33444,62.474728
33445,62.516376
33446,60.780346
33447,62.54364
33448,63.039127
33449,62.527283
33450,62.084602
33451,62.263298
33452,62.497448
33453,64.24086
33454,62.240578
33455,62.87531
33456,62.36444
33457,62.474728
33458,62.457108
33459,62.546246
33460,62.457108
33461,62.457108
33462,60.721077
33463,62.48437
33464,62.83876
33465,62.327892
33466,62.240578
33467,61.788265
33468,62.87531
33469,62.36444
33470,62.474728
33471,61.84351
33472,61.40083
33473,61.579525
33474,61.127213
33475,62.214256
33476,61.70339
33477,61.813675
33478,63.5544
33479,64.64144
33480,64.13058
33481,62.355354
33482,61.832603
33483,61.813675
33484,62.55347
33485,63.07622
33486,62.121696
33487,62.300392
33488,62.424255
33489,63.000027
33490,62.48916
33491,62.55347
33492,60.81811
33493,62.564377
33494,62.121696
33495,62.300392
33496,61.84808
33497,62.935123
33498,62.424255
33499,62.534542
33500,62.432224
33501,62.521362
33502,61.944195
33503,62.432224
33504,62.432224
33505,62.432224
33506,60.696194
33507,62.459488
33508,62.179146
33509,61.726833
33510,62.813877
33511,62.30301
33512,62.413296
33513,62.355354
33514,61.84351
33515,61.40083
33516,61.579525
33517,61.127213
33518,62.214256
33519,61.813675
33520,62.443016
33521,62.240578
33522,61.788265
33523,62.87531
33524,62.36444
33525,62.474728
33526,62.061882
33527,62.240578
33528,61.788265
33529,62.87531
33530,62.389942
33531,62.99918
33532,62.487335
33533,62.22335
33534,61.771038
33535,62.85808
33536,62.347214
33537,62.33273
33538,62.443016
33539,62.355354
33540,61.84351
33541,61.40083
33542,61.579525
33543,62.214256
33544,61.70339
33545,61.813675
33546,62.031567
33547,62.210262
33548,62.844994
33549,62.334126
33550,62.444412
33551,63.279102
33552,63.330124
33553,62.4115
33554,62.493656
33555,62.582794
33556,62.005627
33557,62.493656
33558,62.493656
33559,60.757626
33560,63.016407
33561,62.061882
33562,62.240578
33563,61.788265
33564,62.474728
33565,62.028347
33566,62.516376
33567,62.516376
33568,63.039127
33569,62.263298
33570,61.78281
33571,62.38716
33572,62.497448
33573,60.81811
33574,63.07622
33575,62.564377
33576,62.121696
33577,62.300392
33578,62.935123
33579,62.534542
33580,60.7404
33581,62.503693
33582,62.99918
33583,62.22335
33584,61.771038
33585,62.85808
33586,62.347214
33587,62.493656
33588,62.493656
33589,60.757626
33590,63.016407
33591,62.504562
33592,62.061882
33593,62.474728
33594,63.279102
33595,63.330124
33596,62.4115
33597,62.493656
33598,62.582794
33599,62.493656
33600,62.493656
33601,62.493656
33602,62.52092
33603,63.016407
33604,62.504562
33605,62.240578
33606,62.36444
33607,62.474728
33608,62.474728
33609,62.37495
33610,62.457108
33611,62.546246
33612,61.969078
33613,62.457108
33614,62.457108
33615,60.721077
33616,62.48437
33617,62.97986
33618,62.468014
33619,62.20403
33620,61.751717
33621,62.83876
33622,62.327892
33623,62.43818
33624,62.33273
33625,62.493656
33626,62.493656
33627,60.757626
33628,61.788265
33629,62.474728
33630,62.031567
33631,62.210262
33632,61.75795
33633,62.844994
33634,60.7404
33635,62.503693
33636,61.771038
33637,63.279102
33638,62.493656
33639,62.005627
33640,62.493656
33641,63.016407
33642,62.504562
33643,62.240578
33644,61.788265
33645,63.5544
33646,64.64144
33647,64.13058
33648,62.061882
33649,62.493656
33650,62.240578
33651,61.788265
33652,62.87531
33653,62.389942
33654,62.474728
33655,62.028347
33656,62.516376
33657,62.516376
33658,62.516376
33659,62.54364
33660,63.039127
33661,62.527283
33662,62.084602
33663,62.263298
33664,61.78281
33665,62.38716
33666,62.497448
33667,62.55347
33668,60.81811
33669,62.580734
33670,63.07622
33671,62.564377
33672,62.121696
33673,62.300392
33674,61.84808
33675,62.935123
33676,62.424255
33677,62.534542
33678,61.944195
33679,62.432224
33680,62.432224
33681,60.696194
33682,62.459488
33683,62.954975
33684,62.44313
33685,62.22335
33686,62.85808
33687,62.347214
33688,62.4575
33689,61.969078
33690,62.457108
33691,60.721077
33692,62.48437
33693,62.97986
33694,62.468014
33695,62.20403
33696,62.327892
33697,63.279102
33698,62.493656
33699,62.4115
33700,62.493656
33701,62.582794
33702,62.493656
33703,62.493656
33704,60.757626
33705,63.016407
33706,62.504562
33707,62.240578
33708,62.474728
33709,60.81811
33710,62.121696
33711,62.935123
33712,62.424255
33713,62.534542
33714,60.757626
33715,61.788265
33716,62.87531
33717,62.474247
33718,62.031567
33719,62.210262
33720,62.844994
33721,62.334126
33722,62.444412
33723,62.457108
33724,62.546246
33725,61.969078
33726,62.457108
33727,62.457108
33728,60.721077
33729,62.48437
33730,62.457108
33731,62.97986
33732,62.468014
33733,64.64144
33734,64.13058
33735,64.24086
33736,62.061882
33737,62.493656
33738,62.240578
33739,62.389942
33740,62.474728
33741,63.5544
33742,64.13058
33743,64.24086
33744,62.37495
33745,62.457108
33746,62.546246
33747,61.969078
33748,62.457108
33749,60.721077
33750,62.48437
33751,62.97986
33752,62.468014
33753,62.457108
33754,61.751717
33755,62.43818
33756,62.516376
33757,62.516376
33758,62.516376
33759,63.039127
33760,62.527283
33761,62.084602
33762,61.78281
33763,62.028347
33764,62.516376
33765,62.516376
33766,60.780346
33767,62.54364
33768,63.039127
33769,62.527283
33770,62.084602
33771,62.516376
33772,62.263298
33773,61.78281
33774,62.89803
33775,62.497448
33776,63.000027
33777,62.599445
33778,62.55347
33779,60.81811
33780,63.07622
33781,62.564377
33782,62.121696
33783,62.300392
33784,62.55347
33785,62.935123
33786,62.424255
33787,62.99918
33788,62.487335
33789,61.771038
33790,62.85808
33791,62.347214
33792,62.4575
33793,63.279102
33794,63.330124
33795,62.493656
33796,62.582794
33797,62.005627
33798,62.493656
33799,62.493656
33800,62.52092
33801,63.016407
33802,62.36444
